Id,Position,First Name,Nickname,Last Name,FPPG,Played,Salary,Game,Team,Opponent,Injury Indicator,Injury Details,Tier,,,Roster Position
135023-129368,RB,Jahmyr,Jahmyr Gibbs,Gibbs,27,4,10000,DET@ARI,DET,ARI,,,,,,RB/FLEX
135023-129458,WR,Jaxon,Jaxon Smith-Njigba,Smith-Njigba,27.415000915527344,4,9300,SF@SEA,SEA,SF,,,,,,WR/FLEX
135023-86997,WR,Amon-Ra,Amon-Ra St. Brown,St. Brown,19.700000762939453,4,9000,DET@ARI,DET,ARI,,,,,,WR/FLEX
135023-85701,WR,Ja'Marr,Ja'Marr Chase,Chase,12.425000190734863,4,8900,CIN@MIA,CIN,MIA,Q,Concussion,,,,WR/FLEX
135023-63336,QB,Joe,Joe Burrow,Burrow,20.65999984741211,4,8700,CIN@MIA,CIN,MIA,,,,,,QB
135023-89675,RB,Jonathan,Jonathan Taylor,Taylor,20.299999237060547,4,8600,IND@PIT,IND,PIT,,,,,,RB/FLEX
135023-55050,RB,Christian,Christian McCaffrey,McCaffrey,16.5,4,8400,SF@SEA,SF,SEA,,,,,,RB/FLEX
135023-85607,QB,Brock,Brock Purdy,Purdy,25.3700008392334,4,8300,SF@SEA,SF,SEA,,,,,,QB
135023-87770,WR,Chris,Chris Olave,Olave,20.399999618530273,4,8300,MIN@NO,NO,MIN,,,,,,WR/FLEX
135023-38435,QB,Jared,Jared Goff,Goff,23.014999389648438,4,8100,DET@ARI,DET,ARI,,,,,,QB
135023-102785,QB,Jayden,Jayden Daniels,Daniels,10.800000508626303,3,8000,NYG@WAS,WAS,NYG,Q,Elbow,,,,QB
135023-89493,RB,Chase,Chase Brown,Brown,11.875,4,8000,CIN@MIA,CIN,MIA,,,,,,RB/FLEX
135023-85671,WR,Justin,Justin Jefferson,Jefferson,12.800000508626303,3,8000,MIN@NO,MIN,NO,Q,Ankle,,,,WR/FLEX
135023-167031,RB,Ashton,Ashton Jeanty,Jeanty,16.850000381469727,4,7800,LV@NE,LV,NE,,,,,,RB/FLEX
135023-151794,TE,Brock,Brock Bowers,Bowers,21.600000381469727,2,7800,LV@NE,LV,NE,,,,,,TE/FLEX
135023-91419,WR,Nico,Nico Collins,Collins,16,3,7800,HOU@TEN,HOU,TEN,,,,,,WR/FLEX
135023-152316,QB,Drake,Drake Maye,Maye,13.6899995803833,4,7800,LV@NE,NE,LV,,,,,,QB
135023-88431,QB,Tyler,Tyler Shough,Shough,22.829999923706055,4,7700,MIN@NO,NO,MIN,,,,,,QB
135023-102965,QB,Bo,Bo Nix,Nix,15.0649995803833,4,7600,DEN@LAC,DEN,LAC,,,,,,QB
135023-152113,QB,Caleb,Caleb Williams,Williams,15.326666514078775,3,7500,CHI@GB,CHI,GB,O,Hamstring,,,,QB
135023-89981,WR,Tee,Tee Higgins,Higgins,15.399999618530273,4,7500,CIN@MIA,CIN,MIA,Q,Groin,,,,WR/FLEX
135023-103564,WR,Garrett,Garrett Wilson,Wilson,13.5,4,7400,CLE@NYJ,NYJ,CLE,,,,,,WR/FLEX
135023-69017,QB,Jordan,Jordan Love,Love,18.459999084472656,4,7400,CHI@GB,GB,CHI,,,,,,QB
135023-151761,WR,Malik,Malik Nabers,Nabers,9.699999809265137,4,7300,NYG@WAS,NYG,WAS,,,,,,WR/FLEX
135023-129471,QB,C.J.,C.J. Stroud,Stroud,18.559999465942383,4,7300,HOU@TEN,HOU,TEN,,,,,,QB
135023-63589,QB,Sam,Sam Darnold,Darnold,15.833333333333334,3,7200,SF@SEA,SEA,SF,,,,,,QB
135023-91750,TE,Trey,Trey McBride,McBride,13.175000190734863,4,7200,DET@ARI,ARI,DET,,,,,,TE/FLEX
135023-174215,RB,Omarion,Omarion Hampton,Hampton,10.675000190734863,4,7100,DEN@LAC,LAC,DEN,,,,,,RB/FLEX
135023-22038,QB,Kirk,Kirk Cousins,Cousins,21.459999084472656,4,7100,LV@NE,LV,NE,,,,,,QB
135023-69189,QB,Justin,Justin Herbert,Herbert,12.359999656677246,4,7100,DEN@LAC,LAC,DEN,,,,,,QB
135023-32384,WR,Mike,Mike Evans,Evans,10.449999809265137,4,7100,SF@SEA,SF,SEA,,,,,,WR/FLEX
135023-103064,RB,Breece,Breece Hall,Hall,13.5,3,7000,CLE@NYJ,NYJ,CLE,D,Quadriceps,,,,RB/FLEX
135023-29358,QB,Marcus,Marcus Mariota,Mariota,11.5,3,7000,NYG@WAS,WAS,NYG,D,Knee - mcl,,,,QB
135023-6894,QB,Aaron,Aaron Rodgers,Rodgers,16.290000915527344,4,7000,IND@PIT,PIT,IND,,,,,,QB
135023-169776,WR,Christian,Christian Watson,Watson,17.524999618530273,4,7000,CHI@GB,GB,CHI,,,,,,WR/FLEX
135023-63484,QB,Kyler,Kyler Murray,Murray,7.840000152587891,3,7000,MIN@NO,MIN,NO,,,,,,QB
135023-63519,QB,Daniel,Daniel Jones,Jones,10.0649995803833,4,6900,IND@PIT,IND,PIT,,,,,,QB
135023-54879,QB,Deshaun,Deshaun Watson,Watson,17.225000381469727,4,6900,CLE@NYJ,CLE,NYJ,,,,,,QB
135023-56018,WR,Deebo,Deebo Samuel Sr.,Samuel Sr.,12.725000381469727,4,6900,SF@SEA,SF,SEA,,,,,,WR/FLEX
135023-183240,RB,Cam,Cam Skattebo,Skattebo,10.050000190734863,4,6900,NYG@WAS,NYG,WAS,,,,,,RB/FLEX
135023-24849,QB,Jameis,Jameis Winston,Winston,9.886666615804037,3,6800,NYG@WAS,NYG,WAS,,,,,,QB
135023-73048,WR,DK,DK Metcalf,Metcalf,9.574999809265137,4,6800,IND@PIT,PIT,IND,,,,,,WR/FLEX
135023-30231,QB,Jacoby,Jacoby Brissett,Brissett,15.755000114440918,4,6800,DET@ARI,ARI,DET,,,,,,QB
135023-73273,RB,David,David Montgomery,Montgomery,10.225000381469727,4,6800,HOU@TEN,HOU,TEN,,,,,,RB/FLEX
135023-129210,WR,Jordan,Jordan Addison,Addison,6.925000190734863,4,6700,MIN@NO,MIN,NO,,,,,,WR/FLEX
135023-185776,QB,Tyson,Tyson Bagent,Bagent,3.993333180745443,3,6700,CHI@GB,CHI,GB,,,,,,QB
135023-112057,RB,Jaylen,Jaylen Warren,Warren,13.175000190734863,4,6700,IND@PIT,PIT,IND,,,,,,RB/FLEX
135023-39793,TE,George,George Kittle,Kittle,14.100000381469727,4,6700,SF@SEA,SF,SEA,,,,,,TE/FLEX
135023-26483,QB,Geno,Geno Smith,Smith,15.670000076293945,4,6700,CLE@NYJ,NYJ,CLE,,,,,,QB
135023-152673,QB,Athan,Athan Kaliakmanis,Kaliakmanis,6.019999980926514,2,6600,NYG@WAS,WAS,NYG,,,,,,QB
135023-90573,WR,Jaylen,Jaylen Waddle,Waddle,9.725000381469727,4,6600,DEN@LAC,DEN,LAC,,,,,,WR/FLEX
135023-87691,QB,Malik,Malik Willis,Willis,10.920000076293945,4,6600,CIN@MIA,MIA,CIN,,,,,,QB
135023-188171,RB,Jeremiyah,Jeremiyah Love,Love,10.850000381469727,4,6600,DET@ARI,ARI,DET,Q,Ankle,,,,RB/FLEX
135023-111631,WR,Jameson,Jameson Williams,Williams,8.475000381469727,4,6500,DET@ARI,DET,ARI,,,,,,WR/FLEX
135023-168356,QB,Cam,Cam Ward,Ward,14.6850004196167,4,6500,HOU@TEN,TEN,HOU,,,,,,QB
135023-91598,RB,D'Andre,D'Andre Swift,Swift,15.375,4,6500,CHI@GB,CHI,GB,,,,,,RB/FLEX
135023-90406,QB,Zach,Zach Wilson,Wilson,0,1,6400,MIN@NO,NO,MIN,NA,Coach's decision,,,,QB
135023-89612,WR,Michael,Michael Wilson,Wilson,11.074999809265137,4,6400,DET@ARI,ARI,DET,,,,,,WR/FLEX
135023-144102,RB,Kyle,Kyle Monangai,Monangai,15.699999809265137,4,6400,CHI@GB,CHI,GB,Q,Thumb,,,,RB/FLEX
135023-111557,QB,Spencer,Spencer Rattler,Rattler,0,1,6400,MIN@NO,NO,MIN,,,,,,QB
135023-166916,WR,Matthew,Matthew Golden,Golden,13,4,6300,CHI@GB,GB,CHI,,,,,,WR/FLEX
135023-42104,RB,Alvin,Alvin Kamara,Kamara,9.866666793823242,3,6300,MIN@NO,NO,MIN,,,,,,RB/FLEX
135023-40407,QB,Joshua,Joshua Dobbs,Dobbs,0,1,6300,DET@ARI,DET,ARI,,,,,,QB
135023-152575,QB,J.J.,J.J. McCarthy,McCarthy,0,1,6300,NYG@WAS,NYG,WAS,,,,,,QB
135023-120033,WR,Rome,Rome Odunze,Odunze,7.574999809265137,4,6200,CHI@GB,CHI,GB,,,,,,WR/FLEX
135023-133472,WR,Ladd,Ladd McConkey,McConkey,7.574999809265137,4,6200,DEN@LAC,LAC,DEN,Q,Foot,,,,WR/FLEX
135023-22994,QB,Case,Case Keenum,Keenum,24.479999542236328,1,6200,CHI@GB,CHI,GB,,,,,,QB
135023-40442,RB,Aaron,Aaron Jones Sr.,Jones Sr.,12.5,4,6200,MIN@NO,MIN,NO,,,,,,RB/FLEX
135023-166112,RB,Ollie,Ollie Gordon II,Gordon II,11.233333587646484,3,6100,CIN@MIA,MIA,CIN,,,,,,RB/FLEX
135023-129305,WR,Josh,Josh Downs,Downs,7.175000190734863,4,6100,IND@PIT,IND,PIT,,,,,,WR/FLEX
135023-169410,RB,Quinshon,Quinshon Judkins,Judkins,10.199999809265137,4,6100,CLE@NYJ,CLE,NYJ,,,,,,RB/FLEX
135023-25079,WR,Stefon,Stefon Diggs,Diggs,11,4,6100,NYG@WAS,WAS,NYG,,,,,,WR/FLEX
135023-175137,QB,Fernando,Fernando Mendoza,Mendoza,0,1,6000,LV@NE,LV,NE,,,,,,QB
135023-14377,QB,Tyrod,Tyrod Taylor,Taylor,0,1,6000,CHI@GB,GB,CHI,,,,,,QB
135023-152646,QB,Kyle,Kyle McCord,McCord,0,1,6000,CIN@MIA,MIA,CIN,,,,,,QB
135023-103511,WR,Devaughn,Devaughn Vele,Vele,11.274999618530273,4,6000,MIN@NO,NO,MIN,,,,,,WR/FLEX
135023-94370,WR,Romeo,Romeo Doubs,Doubs,9.574999809265137,4,6000,LV@NE,NE,LV,,,,,,WR/FLEX
135023-103591,QB,Graham,Graham Mertz,Mertz,,0,6000,HOU@TEN,HOU,TEN,IR,Knee - acl,,,,QB
135023-105646,TE,Sam,Sam LaPorta,LaPorta,11.449999809265137,4,6000,DET@ARI,DET,ARI,,,,,,TE/FLEX
135023-86200,QB,Sean,Sean Clifford,Clifford,,0,6000,CIN@MIA,CIN,MIA,,,,,,QB
135023-149696,QB,Trey,Trey Lance,Lance,0,1,6000,DEN@LAC,LAC,DEN,,,,,,QB
135023-93382,QB,Aidan,Aidan O'Connell,O'Connell,0,1,6000,LV@NE,LV,NE,,,,,,QB
135023-86243,QB,Will,Will Levis,Levis,,0,6000,CLE@NYJ,NYJ,CLE,,,,,,QB
135023-152820,QB,Taylen,Taylen Green,Green,0,1,6000,CLE@NYJ,CLE,NYJ,,,,,,QB
135023-103698,QB,Dillon,Dillon Gabriel,Gabriel,7.208000183105469,10,6000,CLE@NYJ,CLE,NYJ,IR,Back,,,,QB
135023-129315,QB,Anthony,Anthony Richardson Sr.,Richardson Sr.,0,1,6000,IND@PIT,IND,PIT,,,,,,QB
135023-120105,QB,Will,Will Howard,Howard,0,1,6000,IND@PIT,PIT,IND,,,,,,QB
135023-61798,QB,Gardner,Gardner Minshew II,Minshew II,0,1,6000,DET@ARI,ARI,DET,,,,,,QB
135023-151938,QB,Luke,Luke Altmyer,Altmyer,,0,6000,DET@ARI,DET,ARI,,,,,,QB
135023-92560,QB,Sam,Sam Ehlinger,Ehlinger,0,1,6000,DEN@LAC,DEN,LAC,,,,,,QB
135023-151966,QB,Jaxson,Jaxson Dart,Dart,13.699999809265137,2,6000,NYG@WAS,NYG,WAS,IR,Knee - meniscus,,,,QB
135023-151969,QB,Miller,Miller Moss,Moss,,0,6000,CHI@GB,CHI,GB,,,,,,QB
135023-166314,QB,Cade,Cade Klubnik,Klubnik,0,1,6000,CLE@NYJ,NYJ,CLE,,,,,,QB
135023-90584,QB,Mac,Mac Jones,Jones,-0.10000000149011612,2,6000,SF@SEA,SF,SEA,,,,,,QB
135023-53729,QB,Mason,Mason Rudolph,Rudolph,0.15000000596046448,2,6000,IND@PIT,PIT,IND,,,,,,QB
135023-152061,QB,Behren,Behren Morton,Morton,0,1,6000,LV@NE,NE,LV,,,,,,QB
135023-185861,RB,Emanuel,Emanuel Wilson,Wilson,9.100000381469727,4,6000,SF@SEA,SEA,SF,,,,,,RB/FLEX
135023-60947,QB,Jarrett,Jarrett Stidham,Stidham,0,1,6000,DEN@LAC,DEN,LAC,,,,,,QB
135023-102933,QB,Kedon,Kedon Slovis,Slovis,-0.03999999910593033,2,6000,CHI@GB,GB,CHI,,,,,,QB
135023-89628,QB,Davis,Davis Mills,Mills,0,1,6000,HOU@TEN,HOU,TEN,,,,,,QB
135023-94748,QB,Tommy,Tommy DeVito,DeVito,1.399999976158142,1,6000,LV@NE,NE,LV,,,,,,QB
135023-87594,QB,Sam,Sam Hartman,Hartman,,0,6000,NYG@WAS,WAS,NYG,,,,,,QB
135023-64051,QB,Drew,Drew Lock,Lock,11.393333435058594,3,6000,SF@SEA,SEA,SF,,,,,,QB
135023-6714,QB,Joe,Joe Flacco,Flacco,0,1,6000,CIN@MIA,CIN,MIA,,,,,,QB
135023-70324,QB,Carson,Carson Wentz,Wentz,8.513333638509115,3,6000,MIN@NO,MIN,NO,,,,,,QB
135023-38628,QB,Mitchell,Mitchell Trubisky,Trubisky,0,1,6000,HOU@TEN,TEN,HOU,,,,,,QB
135023-86793,QB,Jake,Jake Haener,Haener,0,1,6000,NYG@WAS,NYG,WAS,,,,,,QB
135023-154450,QB,Riley,Riley Leonard,Leonard,0,1,6000,IND@PIT,IND,PIT,,,,,,QB
135023-8023,QB,Josh,Josh Johnson,Johnson,8.793333053588867,3,6000,CIN@MIA,CIN,MIA,,,,,,QB
135023-119641,QB,Brady,Brady Cook,Cook,0,1,6000,CIN@MIA,MIA,CIN,,,,,,QB
135023-154462,QB,Jalen,Jalen Milroe,Milroe,0,1,6000,SF@SEA,SEA,SF,,,,,,QB
135023-104306,QB,Kurtis,Kurtis Rourke,Rourke,0,1,6000,SF@SEA,SF,SEA,,,,,,QB
135023-184183,QB,Shedeur,Shedeur Sanders,Sanders,0,1,6000,CLE@NYJ,CLE,NYJ,,,,,,QB
135023-119670,QB,Carson,Carson Beck,Beck,0,1,6000,DET@ARI,ARI,DET,,,,,,QB
135023-110484,RB,RJ,RJ Harvey,Harvey,9.366666793823242,3,6000,DEN@LAC,DEN,LAC,,,,,,RB/FLEX
135023-200653,QB,Max,Max Brosmer,Brosmer,1.1742857524326868,7,6000,MIN@NO,MIN,NO,,,,,,QB
135023-85983,QB,Hendon,Hendon Hooker,Hooker,,0,6000,HOU@TEN,TEN,HOU,,,,,,QB
135023-166892,QB,Drew,Drew Allar,Allar,0,1,6000,IND@PIT,PIT,IND,,,,,,QB
135023-129010,QB,DJ,DJ Uiagalelei,Uiagalelei,0,1,6000,DEN@LAC,LAC,DEN,,,,,,QB
135023-57403,WR,Courtland,Courtland Sutton,Sutton,3.2750000953674316,4,5900,DEN@LAC,DEN,LAC,,,,,,WR/FLEX
135023-166092,WR,Luther,Luther Burden III,Burden III,9.350000381469727,4,5900,CHI@GB,CHI,GB,,,,,,WR/FLEX
135023-183756,WR,Carnell,Carnell Tate,Tate,9.699999809265137,4,5900,HOU@TEN,TEN,HOU,,,,,,WR/FLEX
135023-158412,RB,Braelon,Braelon Allen,Allen,5.724999904632568,4,5900,CLE@NYJ,NYJ,CLE,,,,,,RB/FLEX
135023-87787,RB,J.K.,J.K. Dobbins,Dobbins,4.800000190734863,4,5900,DEN@LAC,DEN,LAC,,,,,,RB/FLEX
135023-111540,RB,Rhamondre,Rhamondre Stevenson,Stevenson,9.324999809265137,4,5900,LV@NE,NE,LV,,,,,,RB/FLEX
135023-152647,RB,TreVeyon,TreVeyon Henderson,Henderson,7.066666920979817,3,5800,LV@NE,NE,LV,,,,,,RB/FLEX
135023-167110,WR,Denzel,Denzel Boston,Boston,12.225000381469727,4,5800,CLE@NYJ,CLE,NYJ,,,,,,WR/FLEX
135023-63759,RB,Tony,Tony Pollard,Pollard,8.625,4,5800,HOU@TEN,TEN,HOU,,,,,,RB/FLEX
135023-138774,RB,Woody,Woody Marks,Marks,6.824999809265137,4,5800,HOU@TEN,HOU,TEN,,,,,,RB/FLEX
135023-29253,WR,Keenan,Keenan Allen,Allen,7.5,3,5800,IND@PIT,IND,PIT,Q,Groin,,,,WR/FLEX
135023-56250,WR,Terry,Terry McLaurin,McLaurin,8.366666793823242,3,5800,NYG@WAS,WAS,NYG,Q,Hamstring,,,,WR/FLEX
135023-103619,WR,Tre,Tre Tucker,Tucker,9.949999809265137,4,5700,LV@NE,LV,NE,,,,,,WR/FLEX
135023-110974,WR,Malik,Malik Washington,Washington,7.400000095367432,4,5700,CIN@MIA,MIA,CIN,,,,,,WR/FLEX
135023-117178,RB,Jacory,Jacory Croskey-Merritt,Croskey-Merritt,7.050000190734863,4,5700,NYG@WAS,WAS,NYG,,,,,,RB/FLEX
135023-25267,WR,Mack,Mack Hollins,Hollins,7.099999904632568,4,5700,LV@NE,NE,LV,Q,Calf,,,,WR/FLEX
135023-166588,TE,Colston,Colston Loveland,Loveland,3.6500000953674316,4,5700,CHI@GB,CHI,GB,,,,,,TE/FLEX
135023-120657,RB,Kendre,Kendre Miller,Miller,4.266666730244954,3,5700,MIN@NO,NO,MIN,,,,,,RB/FLEX
135023-152651,WR,Marvin,Marvin Harrison Jr.,Harrison Jr.,4.25,4,5600,DET@ARI,ARI,DET,,,,,,WR/FLEX
135023-90428,RB,Tyler,Tyler Allgeier,Allgeier,6.425000190734863,4,5600,DET@ARI,ARI,DET,,,,,,RB/FLEX
135023-183649,WR,KC,KC Concepcion Jr.,Concepcion Jr.,5.449999809265137,4,5600,CLE@NYJ,CLE,NYJ,,,,,,WR/FLEX
135023-152103,RB,Jaylen,Jaylen Wright,Wright,0.42500001192092896,4,5600,CIN@MIA,MIA,CIN,,,,,,RB/FLEX
135023-160303,TE,Tucker,Tucker Kraft,Kraft,7.150000095367432,4,5600,CHI@GB,GB,CHI,,,,,,TE/FLEX
135023-69213,WR,Michael,Michael Pittman Jr.,Pittman Jr.,4.133333206176758,3,5600,IND@PIT,PIT,IND,,,,,,WR/FLEX
135023-138037,WR,Roman,Roman Wilson,Wilson,9.449999809265137,4,5600,IND@PIT,PIT,IND,,,,,,WR/FLEX
135023-156740,WR,Malachi,Malachi Fields,Fields,5.650000095367432,4,5500,NYG@WAS,NYG,WAS,,,,,,WR/FLEX
135023-151789,WR,Adonai,Adonai Mitchell,Mitchell,5.599999745686849,3,5500,CLE@NYJ,NYJ,CLE,D,Finger,,,,WR/FLEX
135023-137530,TE,Tyler,Tyler Warren,Warren,9.25,4,5500,IND@PIT,IND,PIT,,,,,,TE/FLEX
135023-129546,WR,Tre',Tre' Harris,Harris,6.849999904632568,4,5500,DEN@LAC,LAC,DEN,,,,,,WR/FLEX
135023-119697,RB,MarShawn,MarShawn Lloyd,Lloyd,5.375,4,5500,CHI@GB,GB,CHI,,,,,,RB/FLEX
135023-168916,RB,Kaleb,Kaleb Johnson,Johnson,1.875,4,5500,CHI@GB,GB,CHI,,,,,,RB/FLEX
135023-119788,WR,Xavier,Xavier Hutchinson,Hutchinson,5.75,4,5500,HOU@TEN,HOU,TEN,,,,,,WR/FLEX
135023-183488,WR,Isaac,Isaac TeSlaa,TeSlaa,5.800000190734863,4,5400,DET@ARI,DET,ARI,,,,,,WR/FLEX
135023-64808,TE,Juwan,Juwan Johnson,Johnson,12.425000190734863,4,5400,MIN@NO,NO,MIN,,,,,,TE/FLEX
135023-112041,WR,Isaiah,Isaiah Williams,Williams,6.474999904632568,4,5400,CLE@NYJ,NYJ,CLE,,,,,,WR/FLEX
135023-241064,WR,Dohnte,Dohnte Meyers,Meyers,4.849999904632568,4,5400,CIN@MIA,CIN,MIA,,,,,,WR/FLEX
135023-152007,WR,Jaylin,Jaylin Noel,Noel,6.275000095367432,4,5400,HOU@TEN,HOU,TEN,,,,,,WR/FLEX
135023-72297,RB,Rico,Rico Dowdle,Dowdle,2.8333333333333335,3,5400,IND@PIT,PIT,IND,Q,Toe,,,,RB/FLEX
135023-172699,TE,Harold,Harold Fannin Jr.,Fannin Jr.,10.449999809265137,4,5400,CLE@NYJ,CLE,NYJ,,,,,,TE/FLEX
135023-79970,WR,Cooper,Cooper Kupp,Kupp,5.474999904632568,4,5300,SF@SEA,SEA,SF,,,,,,WR/FLEX
135023-80001,RB,Austin,Austin Ekeler,Ekeler,4.5,1,5300,NYG@WAS,WAS,NYG,,,,,,RB/FLEX
135023-61593,WR,Jauan,Jauan Jennings,Jennings,0.6333333253860474,3,5300,MIN@NO,MIN,NO,,,,,,WR/FLEX
135023-87260,TE,Isaiah,Isaiah Likely,Likely,10.5,4,5300,NYG@WAS,NYG,WAS,,,,,,TE/FLEX
135023-172647,WR,Caleb,Caleb Douglas,Douglas,4.933333396911621,3,5300,CIN@MIA,MIA,CIN,Q,Ankle,,,,WR/FLEX
135023-137902,RB,Rachaad,Rachaad White,White,8.533333460489908,3,5300,NYG@WAS,WAS,NYG,Q,Shoulder,,,,RB/FLEX
135023-92890,WR,Cody,Cody White,White,7.224999904632568,4,5300,LV@NE,LV,NE,,,,,,WR/FLEX
135023-55042,TE,Dalton,Dalton Schultz,Schultz,8.725000381469727,4,5300,HOU@TEN,HOU,TEN,,,,,,TE/FLEX
135023-120639,WR,Quentin,Quentin Johnston,Johnston,3.6500000953674316,4,5300,DEN@LAC,LAC,DEN,,,,,,WR/FLEX
135023-134023,RB,Keaton,Keaton Mitchell,Mitchell,6.574999809265137,4,5300,DEN@LAC,LAC,DEN,,,,,,RB/FLEX
135023-71706,TE,T.J.,T.J. Hockenson,Hockenson,9.875,4,5200,MIN@NO,MIN,NO,,,,,,TE/FLEX
135023-103539,WR,Wan'Dale,Wan'Dale Robinson,Robinson,8.100000381469727,4,5200,HOU@TEN,TEN,HOU,,,,,,WR/FLEX
135023-52451,RB,Samaje,Samaje Perine,Perine,2.950000047683716,4,5200,CIN@MIA,CIN,MIA,,,,,,RB/FLEX
135023-166323,WR,Antonio,Antonio Williams,Williams,6.099999904632568,4,5200,NYG@WAS,WAS,NYG,,,,,,WR/FLEX
135023-90575,RB,Najee,Najee Harris,Harris,2.933333396911621,3,5200,NYG@WAS,NYG,WAS,,,,,,RB/FLEX
135023-208430,WR,Bryce,Bryce Lance,Lance,2.049999952316284,4,5200,MIN@NO,NO,MIN,,,,,,WR/FLEX
135023-167636,WR,Germie,Germie Bernard,Bernard,3.1666666666666665,3,5200,IND@PIT,PIT,IND,,,,,,WR/FLEX
135023-56265,TE,Mike,Mike Gesicki,Gesicki,13,3,5200,CIN@MIA,CIN,MIA,,,,,,TE/FLEX
135023-173066,RB,CJ,CJ Donaldson,Donaldson,1.1749999523162842,4,5100,MIN@NO,NO,MIN,,,,,,RB/FLEX
135023-168076,RB,Sione,Sione Vaki,Vaki,2.799999952316284,4,5100,DET@ARI,DET,ARI,,,,,,RB/FLEX
135023-69777,WR,Darnell,Darnell Mooney,Mooney,3.3499999046325684,4,5100,NYG@WAS,NYG,WAS,,,,,,WR/FLEX
135023-90561,WR,Jerry,Jerry Jeudy,Jeudy,2.174999952316284,4,5100,CLE@NYJ,CLE,NYJ,,,,,,WR/FLEX
135023-184873,TE,Kenyon,Kenyon Sadiq,Sadiq,8.899999618530273,4,5100,CLE@NYJ,NYJ,CLE,,,,,,TE/FLEX
135023-70422,WR,Kalif,Kalif Raymond,Raymond,9.625,4,5100,CHI@GB,CHI,GB,,,,,,WR/FLEX
135023-170825,WR,Chris,Chris Bell,Bell,2.924999952316284,4,5100,CIN@MIA,MIA,CIN,,,,,,WR/FLEX
135023-114530,WR,Jacob,Jacob Cowing,Cowing,0.05000000074505806,4,5100,SF@SEA,SF,SEA,,,,,,WR/FLEX
135023-119653,WR,Kayshon,Kayshon Boutte,Boutte,4,4,5100,HOU@TEN,HOU,TEN,,,,,,WR/FLEX
135023-134014,WR,Jordan,Jordan Watkins,Watkins,7,1,5100,SF@SEA,SF,SEA,,,,,,WR/FLEX
135023-40845,TE,Hunter,Hunter Henry,Henry,4.824999809265137,4,5100,LV@NE,NE,LV,,,,,,TE/FLEX
135023-155551,WR,Pat,Pat Bryant,Bryant,6.849999904632568,4,5100,DEN@LAC,DEN,LAC,D,Ankle,,,,WR/FLEX
135023-171217,RB,Demond,Demond Claiborne,Claiborne,0.6666666666666666,3,5000,MIN@NO,MIN,NO,,,,,,RB/FLEX
135023-86244,TE,Pat,Pat Freiermuth,Freiermuth,7.949999809265137,4,5000,IND@PIT,PIT,IND,,,,,,TE/FLEX
135023-111876,WR,DeMario,DeMario Douglas,Douglas,3.174999952316284,4,5000,LV@NE,NE,LV,,,,,,WR/FLEX
135023-129291,WR,Tank,Tank Dell,Dell,,0,5000,HOU@TEN,HOU,TEN,IR,Knee - acl + mcl,,,,WR/FLEX
135023-12556,D,Houston,Houston Texans,Texans,4.75,4,5000,HOU@TEN,HOU,TEN,,,,,,DEF
135023-120085,RB,Seth,Seth McGowan,McGowan,1.5499999523162842,4,5000,IND@PIT,IND,PIT,,,,,,RB/FLEX
135023-170287,WR,Rashid,Rashid Shaheed,Shaheed,5.125,4,5000,SF@SEA,SEA,SF,,,,,,WR/FLEX
135023-63819,WR,Darius,Darius Slayton,Slayton,0,1,5000,IND@PIT,IND,PIT,,,,,,WR/FLEX
135023-110259,WR,Treylon,Treylon Burks,Burks,6.5,3,5000,NYG@WAS,WAS,NYG,,,,,,WR/FLEX
135023-92859,WR,Jalen,Jalen Nailor,Nailor,2.566666603088379,3,5000,LV@NE,LV,NE,Q,Concussion,,,,WR/FLEX
135023-158438,TE,Oronde,Oronde Gadsden II,Gadsden II,4.824999809265137,4,5000,DEN@LAC,LAC,DEN,,,,,,TE/FLEX
135023-167881,RB,Kaelon,Kaelon Black,Black,3.25,4,5000,SF@SEA,SF,SEA,,,,,,RB/FLEX
135023-71705,TE,Noah,Noah Fant,Fant,14.300000190734863,2,4900,MIN@NO,NO,MIN,NA,Abdomen,,,,TE/FLEX
135023-12528,D,Cincinnati,Cincinnati Bengals,Bengals,9,4,4900,CIN@MIA,CIN,MIA,,,,,,DEF
135023-154008,RB,Mike,Mike Washington Jr.,Washington Jr.,4.599999904632568,4,4900,LV@NE,LV,NE,,,,,,RB/FLEX
135023-80289,WR,Kendrick,Kendrick Bourne,Bourne,5.599999745686849,3,4900,DET@ARI,ARI,DET,,,,,,WR/FLEX
135023-112062,WR,Skyy,Skyy Moore,Moore,1.625,4,4900,CHI@GB,GB,CHI,,,,,,WR/FLEX
135023-160213,RB,Isaiah,Isaiah Davis,Davis,0,3,4900,CLE@NYJ,NYJ,CLE,,,,,,RB/FLEX
135023-114231,RB,George,George Holani,Holani,3.924999952316284,4,4900,SF@SEA,SEA,SF,,,,,,RB/FLEX
135023-172675,WR,Jordyn,Jordyn Tyson,Tyson,,0,4900,MIN@NO,NO,MIN,IR,Hamstring,,,,WR/FLEX
135023-29501,WR,Brandin,Brandin Cooks,Cooks,0,1,4900,SF@SEA,SF,SEA,,,,,,WR/FLEX
135023-41806,WR,Laquon,Laquon Treadwell,Treadwell,4.199999809265137,4,4900,IND@PIT,IND,PIT,,,,,,WR/FLEX
135023-41872,TE,Evan,Evan Engram,Engram,3.9000000953674316,4,4900,DEN@LAC,DEN,LAC,,,,,,TE/FLEX
135023-128912,WR,Mitch,Mitch Tinsley,Tinsley,6.400000095367432,1,4900,CIN@MIA,CIN,MIA,,,,,,WR/FLEX
135023-64555,WR,Calvin,Calvin Ridley,Ridley,2.1000000635782876,3,4800,HOU@TEN,TEN,HOU,,,,,,WR/FLEX
135023-12547,D,Pittsburgh,Pittsburgh Steelers,Steelers,9.25,4,4800,IND@PIT,PIT,IND,,,,,,DEF
135023-91488,RB,Chris,Chris Brooks,Brooks,2.7249999046325684,4,4800,CHI@GB,GB,CHI,Q,Ankle,,,,RB/FLEX
135023-93538,WR,Dyami,Dyami Brown,Brown,2.5250000953674316,4,4800,NYG@WAS,WAS,NYG,,,,,,WR/FLEX
135023-133477,TE,Darnell,Darnell Washington,Washington,5.599999904632568,4,4800,IND@PIT,PIT,IND,,,,,,TE/FLEX
135023-183828,WR,Kevin,Kevin Coleman Jr.,Coleman Jr.,0.5333333412806193,3,4800,CIN@MIA,MIA,CIN,,,,,,WR/FLEX
135023-104012,WR,Ashton,Ashton Dulin,Dulin,1.4666666984558105,3,4800,IND@PIT,IND,PIT,,,,,,WR/FLEX
135023-137953,TE,AJ,AJ Barner,Barner,5.199999809265137,4,4800,SF@SEA,SEA,SF,,,,,,TE/FLEX
135023-91931,TE,Greg,Greg Dulcich,Dulcich,4.5,3,4800,CIN@MIA,MIA,CIN,,,,,,TE/FLEX
135023-107293,RB,Tyjae,Tyjae Spears,Spears,3.25,4,4800,HOU@TEN,TEN,HOU,,,,,,RB/FLEX
135023-172861,WR,Elic,Elic Ayomanor,Ayomanor,4.949999809265137,4,4800,HOU@TEN,TEN,HOU,,,,,,WR/FLEX
135023-91047,TE,Cole,Cole Kmet,Kmet,3.200000047683716,4,4800,CHI@GB,CHI,GB,,,,,,TE/FLEX
135023-88297,TE,Chig,Chig Okonkwo,Okonkwo,1.3666666348775227,3,4700,NYG@WAS,WAS,NYG,,,,,,TE/FLEX
135023-12531,D,Denver,Denver Broncos,Broncos,6.75,4,4700,DEN@LAC,DEN,LAC,,,,,,DEF
135023-151806,RB,Raheim,Raheim Sanders,Sanders,3.8499999046325684,4,4700,CLE@NYJ,CLE,NYJ,,,,,,RB/FLEX
135023-120093,WR,Marvin,Marvin Mims Jr.,Mims Jr.,-0.16666666666666666,3,4700,DEN@LAC,DEN,LAC,,,,,,WR/FLEX
135023-134837,WR,Tory,Tory Horton,Horton,6.699999809265137,2,4700,SF@SEA,SEA,SF,,,,,,WR/FLEX
135023-138998,TE,Michael,Michael Mayer,Mayer,8.225000381469727,4,4700,LV@NE,LV,NE,,,,,,TE/FLEX
135023-131835,WR,Efton,Efton Chism III,Chism III,4.246666590372722,3,4700,LV@NE,NE,LV,,,,,,WR/FLEX
135023-128810,TE,Theo,Theo Johnson,Johnson,2.25,4,4700,NYG@WAS,NYG,WAS,,,,,,TE/FLEX
135023-94087,RB,DeeJay,DeeJay Dallas,Dallas,1.2000000476837158,4,4700,MIN@NO,MIN,NO,,,,,,RB/FLEX
135023-91046,TE,Brock,Brock Wright,Wright,1,4,4700,DET@ARI,DET,ARI,,,,,,TE/FLEX
135023-91055,WR,Kevin,Kevin Austin Jr.,Austin Jr.,0.6000000238418579,2,4700,MIN@NO,NO,MIN,,,,,,WR/FLEX
135023-60451,TE,Tyler,Tyler Conklin,Conklin,0,1,4600,DET@ARI,DET,ARI,,,,,,TE/FLEX
135023-86153,RB,Tyrone,Tyrone Tracy Jr.,Tracy Jr.,-0.10000000149011612,4,4600,NYG@WAS,NYG,WAS,,,,,,RB/FLEX
135023-174245,WR,Isaiah,Isaiah Bond,Bond,0.7333333492279053,3,4600,CLE@NYJ,CLE,NYJ,,,,,,WR/FLEX
135023-12540,D,Minnesota,Minnesota Vikings,Vikings,12.5,4,4600,MIN@NO,MIN,NO,,,,,,DEF
135023-152148,TE,Gunnar,Gunnar Helm,Helm,3.125,4,4600,HOU@TEN,TEN,HOU,,,,,,TE/FLEX
135023-147051,RB,Jaleel,Jaleel McLaughlin,McLaughlin,3.0333334604899087,3,4600,CLE@NYJ,CLE,NYJ,,,,,,RB/FLEX
135023-71444,RB,Travis,Travis Homer,Homer,0.5,3,4600,IND@PIT,PIT,IND,,,,,,RB/FLEX
135023-169834,WR,Dareke,Dareke Young,Young,0.8666666348775228,3,4600,LV@NE,LV,NE,,,,,,WR/FLEX
135023-167950,TE,Oscar,Oscar Delp,Delp,0.4333333174387614,3,4500,MIN@NO,NO,MIN,,,,,,TE/FLEX
135023-173241,WR,Barion,Barion Brown,Brown,-0.05000000074505806,4,4500,MIN@NO,NO,MIN,,,,,,WR/FLEX
135023-151799,WR,Jackson,Jackson Meeks,Meeks,1.2999999523162842,1,4500,DET@ARI,DET,ARI,,,,,,WR/FLEX
135023-12541,D,New England,New England Patriots,Patriots,7.75,4,4500,LV@NE,NE,LV,,,,,,DEF
135023-60858,WR,Christian,Christian Kirk,Kirk,6.1769233116736775,13,4500,SF@SEA,SF,SEA,IR,Calf,,,,WR/FLEX
135023-185827,RB,Jacob,Jacob Saylors,Saylors,0,4,4500,DET@ARI,DET,ARI,,,,,,RB/FLEX
135023-193004,WR,Jahdae,Jahdae Walker,Walker,3.299999952316284,2,4500,CHI@GB,CHI,GB,,,,,,WR/FLEX
135023-94887,RB,Tyler,Tyler Badie,Badie,4.233333269755046,3,4500,DEN@LAC,DEN,LAC,,,,,,RB/FLEX
135023-111325,RB,Ulysses,Ulysses Bentley IV,Bentley IV,0,1,4500,MIN@NO,NO,MIN,,,,,,RB/FLEX
135023-40687,RB,James,James Conner,Conner,9.766666412353516,3,4500,DET@ARI,ARI,DET,IR,Foot,,,,RB/FLEX
135023-103187,RB,Roschon,Roschon Johnson,Johnson,0.9333333174387614,3,4500,CHI@GB,CHI,GB,,,,,,RB/FLEX
135023-27477,WR,Sterling,Sterling Shepard,Shepard,1.399999976158142,2,4500,CLE@NYJ,NYJ,CLE,,,,,,WR/FLEX
135023-166898,RB,Nick,Nick Singleton,Singleton,0.40000001589457196,3,4500,HOU@TEN,TEN,HOU,,,,,,RB/FLEX
135023-48116,TE,Jonnu,Jonnu Smith,Smith,3.6666666666666665,3,4500,CHI@GB,GB,CHI,,,,,,TE/FLEX
135023-151740,RB,Corey,Corey Kiner,Kiner,1.0750000476837158,4,4400,LV@NE,NE,LV,,,,,,RB/FLEX
135023-12527,D,Chicago,Chicago Bears,Bears,8,4,4400,CHI@GB,CHI,GB,,,,,,DEF
135023-157973,WR,J. Michael,J. Michael Sturdivant,Sturdivant,1.2333333492279053,3,4400,CHI@GB,GB,CHI,,,,,,WR/FLEX
135023-87432,WR,Cedric,Cedric Tillman,Tillman,4.125,12,4400,MIN@NO,NO,MIN,,,,,,WR/FLEX
135023-91578,RB,Zamir,Zamir White,White,1.5199999809265137,5,4400,MIN@NO,NO,MIN,,,,,,RB/FLEX
135023-102882,WR,Anthony,Anthony Gould,Gould,0,2,4400,IND@PIT,IND,PIT,,,,,,WR/FLEX
135023-112101,WR,Jared,Jared Wayne,Wayne,2.8333333333333335,3,4400,HOU@TEN,HOU,TEN,,,,,,WR/FLEX
135023-88548,WR,Jalen,Jalen Tolbert,Tolbert,0,2,4400,CIN@MIA,MIA,CIN,,,,,,WR/FLEX
135023-102986,TE,Elijah,Elijah Higgins,Higgins,4.133333206176758,3,4400,DET@ARI,ARI,DET,,,,,,TE/FLEX
135023-128633,RB,Kimani,Kimani Vidal,Vidal,4.366666793823242,3,4400,DEN@LAC,LAC,DEN,,,,,,RB/FLEX
135023-155293,RB,DJ,DJ Giddens,Giddens,0,1,4400,IND@PIT,IND,PIT,,,,,,RB/FLEX
135023-87815,TE,Jeremy,Jeremy Ruckert,Ruckert,4.933333396911621,3,4400,CLE@NYJ,NYJ,CLE,,,,,,TE/FLEX
135023-157490,TE,Will,Will Kacmarek,Kacmarek,0.7250000238418579,4,4400,CIN@MIA,MIA,CIN,,,,,,TE/FLEX
135023-70603,RB,Devin,Devin Singletary,Singletary,4.233333269755046,3,4400,NYG@WAS,NYG,WAS,,,,,,RB/FLEX
135023-103378,TE,Erick,Erick All Jr.,All Jr.,0.75,2,4400,CIN@MIA,CIN,MIA,,,,,,TE/FLEX
135023-178158,WR,Colbie,Colbie Young,Young,0.949999988079071,2,4400,CIN@MIA,CIN,MIA,Q,Knee,,,,WR/FLEX
135023-166896,RB,Kaytron,Kaytron Allen,Allen,1.024999976158142,4,4400,NYG@WAS,WAS,NYG,,,,,,RB/FLEX
135023-152607,WR,Deion,Deion Burks,Burks,0.8333333333333334,3,4300,IND@PIT,IND,PIT,,,,,,WR/FLEX
135023-129112,WR,Chimere,Chimere Dike,Dike,0,4,4300,HOU@TEN,TEN,HOU,,,,,,WR/FLEX
135023-183410,WR,Malik,Malik Benson,Benson,0.07500000298023224,4,4300,LV@NE,LV,NE,,,,,,WR/FLEX
135023-130270,TE,Adam,Adam Trautman,Trautman,0.6666666666666666,3,4300,DEN@LAC,DEN,LAC,,,,,,TE/FLEX
135023-12550,D,Seattle,Seattle Seahawks,Seahawks,8.75,4,4300,SF@SEA,SEA,SF,,,,,,DEF
135023-60712,TE,Foster,Foster Moreau,Moreau,3.799999952316284,4,4300,HOU@TEN,HOU,TEN,,,,,,TE/FLEX
135023-136538,WR,Kyle,Kyle Williams,Williams,1.350000023841858,4,4300,LV@NE,NE,LV,,,,,,WR/FLEX
135023-154971,RB,Devin,Devin Neal,Neal,5.722222222222222,9,4300,MIN@NO,MIN,NO,,,,,,RB/FLEX
135023-151903,WR,Troy,Troy Franklin,Franklin,2.1000000635782876,3,4300,DEN@LAC,DEN,LAC,,,,,,WR/FLEX
135023-166253,TE,Sam,Sam Roush,Roush,1.6000000635782878,3,4300,CHI@GB,CHI,GB,,,,,,TE/FLEX
135023-56711,TE,Drew,Drew Sample,Sample,1.9500000476837158,2,4300,CIN@MIA,CIN,MIA,,,,,,TE/FLEX
135023-87634,TE,Blake,Blake Whiteheart,Whiteheart,2.5250000953674316,4,4300,CLE@NYJ,CLE,NYJ,,,,,,TE/FLEX
135023-176734,TE,Eli,Eli Raridon,Raridon,2.9749999046325684,4,4300,LV@NE,NE,LV,Q,Ankle,,,,TE/FLEX
135023-93845,WR,Tay,Tay Martin,Martin,0,4,4300,DET@ARI,DET,ARI,,,,,,WR/FLEX
135023-152363,TE,Gavin,Gavin Bartholomew,Bartholomew,0.44999998807907104,2,4300,MIN@NO,MIN,NO,,,,,,TE/FLEX
135023-152537,WR,Tai,Tai Felton,Felton,0.949999988079071,2,4300,MIN@NO,MIN,NO,,,,,,WR/FLEX
135023-72705,TE,John,John Bates,Bates,1.850000023841858,2,4200,NYG@WAS,WAS,NYG,,,,,,TE/FLEX
135023-111637,TE,Cade,Cade Stover,Stover,0.9333333174387614,3,4200,HOU@TEN,HOU,TEN,,,,,,TE/FLEX
135023-138277,WR,Jalen,Jalen Brooks,Brooks,0,3,4200,DET@ARI,ARI,DET,,,,,,WR/FLEX
135023-79980,TE,Eric,Eric Saubert,Saubert,2.433333396911621,3,4200,SF@SEA,SEA,SF,,,,,,TE/FLEX
135023-168054,TE,Mason,Mason Taylor,Taylor,0.4000000059604645,2,4200,CLE@NYJ,NYJ,CLE,D,Thumb,,,,TE/FLEX
135023-95370,TE,Ryan,Ryan Miller,Miller,5.566666920979817,3,4200,CIN@MIA,MIA,CIN,,,,,,TE/FLEX
135023-83117,TE,Tanner,Tanner Hudson,Hudson,1.3000000317891438,3,4200,CIN@MIA,CIN,MIA,,,,,,TE/FLEX
135023-90307,TE,Daniel,Daniel Bellinger,Bellinger,1.125,4,4200,HOU@TEN,TEN,HOU,,,,,,TE/FLEX
135023-104661,TE,Patrick,Patrick Herbert,Herbert,0,1,4200,DEN@LAC,LAC,DEN,,,,,,TE/FLEX
135023-12543,D,New York,New York Giants,Giants,7.25,4,4200,NYG@WAS,NYG,WAS,,,,,,DEF
135023-52495,WR,Braxton,Braxton Berrios,Berrios,0,4,4200,NYG@WAS,NYG,WAS,D,Foot,,,,WR/FLEX
135023-71031,WR,Lil'Jordan,Lil'Jordan Humphrey,Humphrey,0,2,4200,DEN@LAC,DEN,LAC,,,,,,WR/FLEX
135023-94621,WR,Derius,Derius Davis,Davis,-0.22499999403953552,4,4200,DEN@LAC,LAC,DEN,,,,,,WR/FLEX
135023-92606,WR,Bo,Bo Melton,Melton,0.375,4,4200,CHI@GB,GB,CHI,,,,,,WR/FLEX
135023-71105,WR,Ben,Ben Skowronek,Skowronek,3.566666603088379,3,4200,IND@PIT,PIT,IND,,,,,,WR/FLEX
135023-73176,TE,Luke,Luke Farrell,Farrell,0.7250000238418579,4,4200,SF@SEA,SF,SEA,,,,,,TE/FLEX
135023-39428,RB,Kyle,Kyle Juszczyk,Juszczyk,4.5,3,4200,SF@SEA,SF,SEA,D,Knee,,,,RB/FLEX
135023-92677,RB,Zavier,Zavier Scott,Scott,3.220000076293945,10,4200,CHI@GB,CHI,GB,,,,,,RB/FLEX
135023-173626,TE,Nate,Nate Adkins,Adkins,4.650000095367432,4,4200,DEN@LAC,DEN,LAC,,,,,,TE/FLEX
135023-152128,WR,Dominic,Dominic Lovett,Lovett,0,1,4200,DET@ARI,DET,ARI,,,,,,WR/FLEX
135023-85635,TE,Charlie,Charlie Kolar,Kolar,1.7999999523162842,2,4200,DEN@LAC,LAC,DEN,Q,Forearm,,,,TE/FLEX
135023-152258,TE,Elijah,Elijah Arroyo,Arroyo,1.100000023841858,2,4200,SF@SEA,SEA,SF,,,,,,TE/FLEX
135023-40647,WR,Marquez,Marquez Valdes-Scantling,Valdes-Scantling,0,2,4200,DEN@LAC,LAC,DEN,,,,,,WR/FLEX
135023-65231,RB,Adam,Adam Prentice,Prentice,0.23333332935969034,3,4200,DEN@LAC,DEN,LAC,,,,,,RB/FLEX
135023-86800,TE,Colson,Colson Yankoff,Yankoff,0.6499999761581421,4,4200,NYG@WAS,WAS,NYG,,,,,,TE/FLEX
135023-72515,TE,Ian,Ian Thomas,Thomas,3.933333396911621,3,4200,LV@NE,LV,NE,,,,,,TE/FLEX
135023-64389,WR,Nick,Nick Westbrook-Ikhine,Westbrook-Ikhine,0,2,4200,IND@PIT,IND,PIT,,,,,,WR/FLEX
135023-103308,RB,Jawhar,Jawhar Jordan,Jordan,7.300000190734863,4,4200,HOU@TEN,HOU,TEN,,,,,,RB/FLEX
135023-93075,TE,Hunter,Hunter Long,Long,0.8333333333333334,3,4200,DET@ARI,ARI,DET,Q,Knee,,,,TE/FLEX
135023-173994,WR,Zavion,Zavion Thomas,Thomas,0.20000000794728598,3,4200,CHI@GB,CHI,GB,,,,,,WR/FLEX
135023-137139,WR,Myles,Myles Price,Price,1.9500000476837158,4,4200,MIN@NO,MIN,NO,,,,,,WR/FLEX
135023-104388,WR,Tom,Tom Kennedy,Kennedy,0,4,4200,DET@ARI,DET,ARI,,,,,,WR/FLEX
135023-24533,TE,Mo,Mo Alie-Cox,Alie-Cox,2.0999999046325684,1,4200,IND@PIT,IND,PIT,,,,,,TE/FLEX
135023-128986,WR,Jaylin,Jaylin Lane,Lane,0.875,4,4200,NYG@WAS,WAS,NYG,O,Ankle,,,,WR/FLEX
135023-137265,TE,Ben,Ben Sinnott,Sinnott,0.550000011920929,2,4100,NYG@WAS,WAS,NYG,,,,,,TE/FLEX
135023-64581,WR,Van,Van Jefferson,Jefferson,3.9642857142857144,14,4100,NYG@WAS,WAS,NYG,,,,,,WR/FLEX
135023-68712,WR,Tyler,Tyler Johnson,Johnson,3.5222223069932728,9,4100,CLE@NYJ,NYJ,CLE,,,,,,WR/FLEX
135023-103547,WR,Luke,Luke McCaffrey,McCaffrey,0,1,4100,NYG@WAS,WAS,NYG,,,,,,WR/FLEX
135023-12532,D,Detroit,Detroit Lions,Lions,4.25,4,4100,DET@ARI,DET,ARI,,,,,,DEF
135023-174329,WR,Brenen,Brenen Thompson,Thompson,0.8999999761581421,2,4100,DEN@LAC,LAC,DEN,Q,Quadriceps,,,,WR/FLEX
135023-80299,RB,Patrick,Patrick Ricard,Ricard,0.20000000794728598,3,4100,NYG@WAS,NYG,WAS,,,,,,RB/FLEX
135023-87469,TE,Jelani,Jelani Woods,Woods,2.049999952316284,2,4100,CLE@NYJ,NYJ,CLE,,,,,,TE/FLEX
135023-87515,WR,Tylan,Tylan Wallace,Wallace,0,1,4100,CLE@NYJ,CLE,NYJ,Q,Knee,,,,WR/FLEX
135023-201230,RB,Dylan,Dylan Laube,Laube,-0.5,4,4100,LV@NE,LV,NE,,,,,,RB/FLEX
135023-147049,TE,Drew,Drew Ogletree,Ogletree,0,4,4100,IND@PIT,IND,PIT,,,,,,TE/FLEX
135023-152219,WR,Lewis,Lewis Bond,Bond,0,1,4100,HOU@TEN,HOU,TEN,,,,,,WR/FLEX
135023-157438,WR,Jimmy,Jimmy Horn Jr.,Horn Jr.,-2,1,4100,CLE@NYJ,CLE,NYJ,,,,,,WR/FLEX
135023-87844,TE,Brady,Brady Russell,Russell,2.75,2,4100,SF@SEA,SEA,SF,,,,,,TE/FLEX
135023-93055,WR,Isaiah,Isaiah Hodgins,Hodgins,3.75,6,4100,IND@PIT,PIT,IND,,,,,,WR/FLEX
135023-94094,TE,Brevin,Brevin Jordan,Jordan,0.8999999761581421,2,4100,HOU@TEN,HOU,TEN,,,,,,TE/FLEX
135023-159649,RB,DJ,DJ Herman,Herman,1.149999976158142,2,4100,CIN@MIA,MIA,CIN,,,,,,RB/FLEX
135023-175021,RB,Jordan,Jordan James,James,0.75,2,4100,SF@SEA,SF,SEA,,,,,,RB/FLEX
135023-156596,RB,Jarquez,Jarquez Hunter,Hunter,0,1,4100,CIN@MIA,MIA,CIN,,,,,,RB/FLEX
135023-70661,WR,Velus,Velus Jones Jr.,Jones Jr.,0,1,4000,SF@SEA,SEA,SF,,,,,,WR/FLEX
135023-92166,WR,Marcus,Marcus Jones,Jones,0,4,4000,LV@NE,NE,LV,,,,,,WR/FLEX
135023-96269,RB,Owen,Owen Wright,Wright,0.30000001192092896,2,4000,LV@NE,LV,NE,,,,,,RB/FLEX
135023-41997,WR,River,River Cracraft,Cracraft,0,2,4000,NYG@WAS,WAS,NYG,Q,Undisclosed,,,,WR/FLEX
135023-152593,WR,Harrison,Harrison Wallace III,Wallace III,,0,4000,DET@ARI,ARI,DET,,,,,,WR/FLEX
135023-110617,WR,Isaiah,Isaiah Neyor,Neyor,,0,4000,CHI@GB,GB,CHI,,,,,,WR/FLEX
135023-110616,TE,Treyton,Treyton Welch,Welch,0,3,4000,MIN@NO,NO,MIN,,,,,,TE/FLEX
135023-243751,WR,Treyvhon,Treyvhon Saunders,Saunders,,0,4000,HOU@TEN,HOU,TEN,,,,,,WR/FLEX
135023-55335,TE,David,David Njoku,Njoku,4.849999904632568,2,4000,DEN@LAC,LAC,DEN,IR,Lower leg,,,,TE/FLEX
135023-154661,WR,Michael,Michael Bandy,Bandy,2.75,4,4000,DEN@LAC,DEN,LAC,,,,,,WR/FLEX
135023-243752,WR,Daniel,Daniel Sobkowicz,Sobkowicz,,0,4000,HOU@TEN,HOU,TEN,,,,,,WR/FLEX
135023-175154,TE,Jack,Jack Endries,Endries,0,1,4000,CIN@MIA,CIN,MIA,,,,,,TE/FLEX
135023-243761,WR,Kolbe,Kolbe Katsis,Katsis,0,1,4000,DEN@LAC,DEN,LAC,,,,,,WR/FLEX
135023-243760,WR,Kyle,Kyle Dixon,Dixon,,0,4000,LV@NE,NE,LV,,,,,,WR/FLEX
135023-152628,TE,Thomas,Thomas Fidone II,Fidone II,0,1,4000,NYG@WAS,NYG,WAS,,,,,,TE/FLEX
135023-86075,TE,Lucas,Lucas Krull,Krull,1.25,2,4000,DEN@LAC,DEN,LAC,,,,,,TE/FLEX
135023-173113,RB,Eli,Eli Heidenreich,Heidenreich,0,3,4000,IND@PIT,PIT,IND,,,,,,RB/FLEX
135023-133180,TE,Ben,Ben Yurosek,Yurosek,0.8000000317891439,3,4000,MIN@NO,MIN,NO,IR,Undisclosed,,,,TE/FLEX
135023-174148,RB,Carlos,Carlos Washington Jr.,Washington Jr.,,0,4000,CIN@MIA,MIA,CIN,,,,,,RB/FLEX
135023-165962,TE,Nikola,Nikola Kalinic,Kalinic,0,2,4000,CHI@GB,CHI,GB,IR,Knee,,,,TE/FLEX
135023-141390,TE,Riley,Riley Nowakowski,Nowakowski,0,3,4000,IND@PIT,PIT,IND,,,,,,TE/FLEX
135023-103506,TE,Nick,Nick Kallerup,Kallerup,0,1,4000,SF@SEA,SEA,SF,,,,,,TE/FLEX
135023-152669,TE,Jameson,Jameson Geers,Geers,,0,4000,DET@ARI,ARI,DET,IR,Undisclosed,,,,TE/FLEX
135023-86125,WR,Brandon,Brandon Smith,Smith,,0,4000,IND@PIT,PIT,IND,,,,,,WR/FLEX
135023-104577,WR,Gunner,Gunner Olszewski,Olszewski,1.9887499809265137,16,4000,NYG@WAS,NYG,WAS,IR,Achilles,,,,WR/FLEX
135023-94345,TE,Cole,Cole Turner,Turner,,0,4000,CIN@MIA,MIA,CIN,IR,Undisclosed,,,,TE/FLEX
135023-87179,TE,Thomas,Thomas Yassmin,Yassmin,,0,4000,CHI@GB,GB,CHI,IR,Undisclosed,,,,TE/FLEX
135023-72846,WR,A.J.,A.J. Brown,Brown,4.099999904632568,1,4000,LV@NE,NE,LV,IR,Ankle,,,,WR/FLEX
135023-143509,TE,Caleb,Caleb Lohner,Lohner,,0,4000,DEN@LAC,DEN,LAC,IR,Lower body,,,,TE/FLEX
135023-54426,TE,Andrew,Andrew Beck,Beck,0,3,4000,CLE@NYJ,NYJ,CLE,,,,,,TE/FLEX
135023-28827,RB,Dare,Dare Ogunbowale,Ogunbowale,1.7363636710427024,11,4000,HOU@TEN,HOU,TEN,,,,,,RB/FLEX
135023-151726,TE,Robbie,Robbie Ouzts,Ouzts,0,2,4000,SF@SEA,SEA,SF,IR,Neck,,,,TE/FLEX
135023-201903,WR,Coleman,Coleman Owen,Owen,0,2,4000,CHI@GB,GB,CHI,,,,,,WR/FLEX
135023-152754,RB,Myles,Myles Montgomery,Montgomery,,0,4000,LV@NE,NE,LV,IR,Undisclosed,,,,RB/FLEX
135023-174263,WR,Emmanuel,Emmanuel Henderson Jr.,Henderson Jr.,,0,4000,SF@SEA,SEA,SF,,,,,,WR/FLEX
135023-152756,WR,Will,Will Pauling,Pauling,,0,4000,SF@SEA,SF,SEA,,,,,,WR/FLEX
135023-151741,WR,Jack,Jack Bech,Bech,4.433333396911621,3,4000,LV@NE,LV,NE,IR,Forearm,,,,WR/FLEX
135023-131266,RB,Lan,Lan Larison,Larison,1.899999976158142,1,4000,LV@NE,NE,LV,,,,,,RB/FLEX
135023-170184,RB,Julius,Julius Chestnut,Chestnut,0,3,4000,HOU@TEN,TEN,HOU,,,,,,RB/FLEX
135023-166095,RB,Cody,Cody Schrader,Schrader,,0,4000,DEN@LAC,DEN,LAC,,,,,,RB/FLEX
135023-170188,TE,Tanner,Tanner Conner,Conner,1.9428571973528181,7,4000,LV@NE,NE,LV,,,,,,TE/FLEX
135023-171212,WR,Wesley,Wesley Grimes,Grimes,,0,4000,SF@SEA,SF,SEA,,,,,,WR/FLEX
135023-25813,WR,Phillip,Phillip Dorsett II,Dorsett II,,0,4000,LV@NE,LV,NE,,,,,,WR/FLEX
135023-167124,TE,Evan,Evan Svoboda,Svoboda,,0,4000,DEN@LAC,LAC,DEN,,,,,,TE/FLEX
135023-129240,WR,Tyler,Tyler Scott,Scott,,0,4000,LV@NE,LV,NE,,,,,,WR/FLEX
135023-95455,WR,D.J.,D.J. Montgomery,Montgomery,,0,4000,IND@PIT,IND,PIT,IR,Abdomen,,,,WR/FLEX
135023-226525,WR,Chandler,Chandler Brayboy,Brayboy,,0,4000,LV@NE,NE,LV,,,,,,WR/FLEX
135023-120035,TE,Mark,Mark Redman,Redman,1.9500000476837158,2,4000,CHI@GB,GB,CHI,,,,,,TE/FLEX
135023-170208,WR,Kaden,Kaden Davis,Davis,0,1,4000,CHI@GB,CHI,GB,,,,,,WR/FLEX
135023-88290,WR,Jeshaun,Jeshaun Jones,Jones,0,1,4000,MIN@NO,MIN,NO,,,,,,WR/FLEX
135023-169185,WR,Jamaal,Jamaal Pritchett,Pritchett,0,1,4000,CLE@NYJ,NYJ,CLE,,,,,,WR/FLEX
135023-63717,RB,Alec,Alec Ingold,Ingold,2.5,2,4000,DEN@LAC,LAC,DEN,,,,,,RB/FLEX
135023-168171,TE,Jaren,Jaren Kanak,Kanak,,0,4000,HOU@TEN,TEN,HOU,IR,Pectoral,,,,TE/FLEX
135023-86255,TE,Josh,Josh Whyle,Whyle,0,1,4000,CHI@GB,GB,CHI,,,,,,TE/FLEX
135023-185593,WR,Andrei,Andrei Iosivas,Iosivas,1.7000000476837158,2,4000,CIN@MIA,CIN,MIA,IR,Thumb,,,,WR/FLEX
135023-12544,D,New York,New York Jets,Jets,5.25,4,4000,CLE@NYJ,NYJ,CLE,,,,,,DEF
135023-94481,WR,Deven,Deven Thompkins,Thompkins,0.6714285441807338,7,4000,LV@NE,LV,NE,,,,,,WR/FLEX
135023-174355,WR,Jeremiah,Jeremiah Webb,Webb,,0,4000,LV@NE,NE,LV,IR,Arm,,,,WR/FLEX
135023-137495,RB,Kentrel,Kentrel Bullock,Bullock,,0,4000,CIN@MIA,CIN,MIA,,,,,,RB/FLEX
135023-86312,WR,Alec,Alec Pierce,Pierce,4.849999904632568,2,4000,IND@PIT,IND,PIT,IR,Heel,,,,WR/FLEX
135023-137525,WR,Malick,Malick Meiga,Meiga,,0,4000,SF@SEA,SEA,SF,,,,,,WR/FLEX
135023-92479,TE,David,David Martin-Robinson,Martin-Robinson,0,1,4000,HOU@TEN,TEN,HOU,,,,,,TE/FLEX
135023-171332,WR,Reggie,Reggie Virgil,Virgil,0,1,4000,DET@ARI,ARI,DET,,,,,,WR/FLEX
135023-56648,RB,Jeremy,Jeremy McNichols,McNichols,3.762500047683716,16,4000,NYG@WAS,WAS,NYG,IR,Quadriceps,,,,RB/FLEX
135023-87371,RB,Ty,Ty Chandler,Chandler,2.433333396911621,3,4000,MIN@NO,NO,MIN,IR,Knee,,,,RB/FLEX
135023-91467,TE,Jake,Jake Tonges,Tonges,7.049999872843425,12,4000,SF@SEA,SF,SEA,IR,Knee - mcl,,,,TE/FLEX
135023-93539,RB,Michael,Michael Carter,Carter,0,1,4000,HOU@TEN,TEN,HOU,,,,,,RB/FLEX
135023-133478,WR,Arian,Arian Smith,Smith,0,2,4000,CLE@NYJ,NYJ,CLE,IR,Knee - acl,,,,WR/FLEX
135023-93540,RB,British,British Brooks,Brooks,0,2,4000,HOU@TEN,HOU,TEN,IR,Hamstring,,,,RB/FLEX
135023-225637,TE,Ben,Ben Mann,Mann,0,1,4000,NYG@WAS,NYG,WAS,,,,,,TE/FLEX
135023-151909,WR,Dont'e,Dont'e Thornton Jr.,Thornton Jr.,1.6818181818181819,11,4000,LV@NE,LV,NE,IR,Undisclosed,,,,WR/FLEX
135023-153957,TE,Zaire,Zaire Mitchell-Paden,Mitchell-Paden,0.9000000158945719,3,4000,HOU@TEN,HOU,TEN,,,,,,TE/FLEX
135023-151914,TE,Moliki,Moliki Matavao,Matavao,2,1,4000,MIN@NO,NO,MIN,IR,Knee,,,,TE/FLEX
135023-89455,WR,Jayden,Jayden Reed,Reed,1.4666666984558105,3,4000,CHI@GB,GB,CHI,IR,Neck,,,,WR/FLEX
135023-63855,WR,K.J.,K.J. Osborn,Osborn,,0,4000,HOU@TEN,TEN,HOU,,,,,,WR/FLEX
135023-90480,TE,Joel,Joel Wilson,Wilson,,0,4000,HOU@TEN,TEN,HOU,,,,,,TE/FLEX
135023-90483,TE,Bernhard,Bernhard Raimann,Raimann,0,1,4000,IND@PIT,IND,PIT,,,,,,TE/FLEX
135023-38264,WR,Demarcus,Demarcus Robinson,Robinson,8.449999809265137,2,4000,SF@SEA,SF,SEA,IR,Ankle,,,,WR/FLEX
135023-71032,WR,Devin,Devin Duvernay,Duvernay,0,4,4000,DET@ARI,ARI,DET,,,,,,WR/FLEX
135023-157051,TE,Tanner,Tanner Arkin,Arkin,0,1,4000,LV@NE,NE,LV,,,,,,TE/FLEX
135023-56698,WR,Dante,Dante Pettis,Pettis,2.171428544180734,7,4000,SF@SEA,SF,SEA,,,,,,WR/FLEX
135023-110977,TE,Thomas,Thomas Gordon,Gordon,,0,4000,DET@ARI,DET,ARI,,,,,,TE/FLEX
135023-110978,RB,Evan,Evan Hull,Hull,0.9833333492279053,6,4000,DET@ARI,ARI,DET,,,,,,RB/FLEX
135023-114054,WR,Dalen,Dalen Cambre,Cambre,0,3,4000,NYG@WAS,NYG,WAS,,,,,,WR/FLEX
135023-102796,WR,Ricky,Ricky Pearsall,Pearsall,7.659999847412109,10,4000,SF@SEA,SF,SEA,IR,Knee - pcl,,,,WR/FLEX
135023-174486,RB,Dylan,Dylan Sampson,Sampson,0,1,4000,CLE@NYJ,CLE,NYJ,IR,Knee,,,,RB/FLEX
135023-90522,TE,Cameron,Cameron Latu,Latu,0,3,4000,LV@NE,NE,LV,,,,,,TE/FLEX
135023-174494,TE,Miles,Miles Kitselman,Kitselman,,0,4000,DET@ARI,DET,ARI,,,,,,TE/FLEX
135023-92575,RB,Isiah,Isiah Pacheco,Pacheco,5.984615619365986,13,4000,DET@ARI,DET,ARI,IR,Back,,,,RB/FLEX
135023-114079,TE,Hayden,Hayden Rucci,Rucci,0,1,4000,DEN@LAC,LAC,DEN,,,,,,TE/FLEX
135023-94625,WR,Jalen,Jalen Reagor,Reagor,,0,4000,CIN@MIA,MIA,CIN,,,,,,WR/FLEX
135023-151968,TE,Lake,Lake McRee,McRee,,0,4000,IND@PIT,PIT,IND,,,,,,TE/FLEX
135023-63907,TE,Josh,Josh Oliver,Oliver,2.0333333015441895,3,4000,MIN@NO,MIN,NO,IR,Biceps,,,,TE/FLEX
135023-154020,RB,Al-Jay,Al-Jay Henderson,Henderson,,0,4000,CLE@NYJ,NYJ,CLE,,,,,,RB/FLEX
135023-169381,RB,Jadarian,Jadarian Price,Price,4,3,4000,SF@SEA,SEA,SF,IR,Chest,,,,RB/FLEX
135023-184756,TE,Hayden,Hayden Large,Large,,0,4000,CHI@GB,CHI,GB,IR,Undisclosed,,,,TE/FLEX
135023-225739,TE,Cody,Cody Hardy,Hardy,,0,4000,CLE@NYJ,NYJ,CLE,,,,,,TE/FLEX
135023-26057,RB,Michael,Michael Burton,Burton,0,1,4000,CLE@NYJ,CLE,NYJ,,,,,,RB/FLEX
135023-152014,WR,JP,JP Richardson,Richardson,,0,4000,CHI@GB,CHI,GB,,,,,,WR/FLEX
135023-173518,WR,Qadir,Qadir Ismail,Ismail,,0,4000,CHI@GB,CHI,GB,,,,,,WR/FLEX
135023-177614,TE,Marlin,Marlin Klein,Klein,1.0499999523162842,2,4000,HOU@TEN,HOU,TEN,,,,,,TE/FLEX
135023-109007,WR,Josh,Josh Kelly,Kelly,,0,4000,HOU@TEN,HOU,TEN,,,,,,WR/FLEX
135023-109008,WR,Jalen,Jalen Moreno-Cropper,Moreno-Cropper,0,1,4000,MIN@NO,NO,MIN,,,,,,WR/FLEX
135023-243158,WR,Tyren,Tyren Montgomery,Montgomery,,0,4000,HOU@TEN,TEN,HOU,,,,,,WR/FLEX
135023-54746,TE,Tyler,Tyler Ott,Ott,0,1,4000,NYG@WAS,WAS,NYG,,,,,,TE/FLEX
135023-155096,WR,Quincy,Quincy Skinner Jr.,Skinner Jr.,,0,4000,CHI@GB,GB,CHI,,,,,,WR/FLEX
135023-243160,WR,Michael,Michael Briscoe,Briscoe,,0,4000,MIN@NO,MIN,NO,,,,,,WR/FLEX
135023-157150,RB,Audric,Audric Estime,Estime,8.419999694824218,5,4000,MIN@NO,MIN,NO,,,,,,RB/FLEX
135023-63967,WR,Lucky,Lucky Jackson,Jackson,,0,4000,DET@ARI,DET,ARI,,,,,,WR/FLEX
135023-80353,TE,Robert,Robert Tonyan,Tonyan,0.699999988079071,1,4000,IND@PIT,PIT,IND,,,,,,TE/FLEX
135023-157154,WR,Jaden,Jaden Bradley,Bradley,,0,4000,NYG@WAS,WAS,NYG,,,,,,WR/FLEX
135023-169440,WR,Kaden,Kaden Wetjen,Wetjen,0,4,4000,IND@PIT,PIT,IND,,,,,,WR/FLEX
135023-91618,TE,John,John FitzPatrick,FitzPatrick,1.9200000762939453,10,4000,CLE@NYJ,CLE,NYJ,,,,,,TE/FLEX
135023-71143,TE,Kylen,Kylen Granson,Granson,0,1,4000,HOU@TEN,TEN,HOU,,,,,,TE/FLEX
135023-191983,TE,Dallen,Dallen Bentley,Bentley,0,1,4000,DEN@LAC,DEN,LAC,,,,,,TE/FLEX
135023-177644,TE,Justin,Justin Joly,Joly,0,1,4000,CIN@MIA,MIA,CIN,,,,,,TE/FLEX
135023-102902,WR,Trey,Trey Palmer,Palmer,,0,4000,MIN@NO,NO,MIN,,,,,,WR/FLEX
135023-184821,RB,Robert,Robert Henry Jr.,Henry Jr.,,0,4000,NYG@WAS,WAS,NYG,,,,,,RB/FLEX
135023-185850,TE,Julian,Julian Hill,Hill,2.1363636363636362,11,4000,LV@NE,NE,LV,IR,Knee,,,,TE/FLEX
135023-89613,WR,Simi,Simi Fehoko,Fehoko,0,3,4000,DET@ARI,ARI,DET,,,,,,WR/FLEX
135023-102928,RB,Eric,Eric Gray,Gray,0,1,4000,CLE@NYJ,CLE,NYJ,,,,,,RB/FLEX
135023-129560,WR,Xavier,Xavier Restrepo,Restrepo,2.799999952316284,2,4000,HOU@TEN,TEN,HOU,,,,,,WR/FLEX
135023-160287,RB,Amar,Amar Johnson,Johnson,0.800000011920929,1,4000,DEN@LAC,LAC,DEN,,,,,,RB/FLEX
135023-73247,RB,Kene,Kene Nwangwu,Nwangwu,0,2,4000,CLE@NYJ,NYJ,CLE,,,,,,RB/FLEX
135023-103966,TE,Stone,Stone Smartt,Smartt,1.7399999618530273,5,4000,MIN@NO,NO,MIN,,,,,,TE/FLEX
135023-166434,WR,Dane,Dane Key,Key,,0,4000,DEN@LAC,DEN,LAC,,,,,,WR/FLEX
135023-173606,WR,Dillon,Dillon Bell,Bell,,0,4000,MIN@NO,MIN,NO,,,,,,WR/FLEX
135023-160306,RB,Pierre,Pierre Strong Jr.,Strong Jr.,,0,4000,CHI@GB,GB,CHI,Q,Hamstring,,,,RB/FLEX
135023-114224,WR,Kyrese,Kyrese Rowan,Rowan,,0,4000,MIN@NO,NO,MIN,,,,,,WR/FLEX
135023-226878,TE,Carter,Carter Runyon,Runyon,0.26666667064030963,3,4000,LV@NE,LV,NE,IR,Undisclosed,,,,TE/FLEX
135023-138820,RB,De'Von,De'Von Achane,Achane,7.033333460489909,3,4000,CIN@MIA,MIA,CIN,IR,Knee - acl,,,,RB/FLEX
135023-71241,WR,Brandon,Brandon Johnson,Johnson,,0,4000,IND@PIT,PIT,IND,,,,,,WR/FLEX
135023-104008,TE,Stephen,Stephen Carlson,Carlson,,0,4000,CHI@GB,CHI,GB,,,,,,TE/FLEX
135023-104019,TE,Matt,Matt Orzech,Orzech,0,1,4000,CHI@GB,GB,CHI,,,,,,TE/FLEX
135023-63061,WR,Gary,Gary Jennings,Jennings,,0,4000,DEN@LAC,LAC,DEN,,,,,,WR/FLEX
135023-86612,TE,Brayden,Brayden Willis,Willis,0,3,4000,SF@SEA,SF,SEA,,,,,,TE/FLEX
135023-18009,TE,Chris,Chris Manhertz,Manhertz,0,1,4000,NYG@WAS,NYG,WAS,,,,,,TE/FLEX
135023-138854,WR,Ke'Shawn,Ke'Shawn Williams,Williams,-2,1,4000,CIN@MIA,CIN,MIA,,,,,,WR/FLEX
135023-231015,WR,Cameron,Cameron Dorner,Dorner,,0,4000,LV@NE,NE,LV,,,,,,WR/FLEX
135023-129641,WR,Will,Will Sheppard,Sheppard,,0,4000,CIN@MIA,MIA,CIN,,,,,,WR/FLEX
135023-56947,TE,Chris,Chris Myarick,Myarick,,0,4000,LV@NE,LV,NE,,,,,,TE/FLEX
135023-104054,RB,Sincere,Sincere McCormick,McCormick,,0,4000,SF@SEA,SF,SEA,,,,,,RB/FLEX
135023-201342,RB,Chris,Chris Collier,Collier,,0,4000,LV@NE,LV,NE,IR,Undisclosed,,,,RB/FLEX
135023-141956,TE,Beau,Beau Gardner,Gardner,0,1,4000,CHI@GB,CHI,GB,,,,,,TE/FLEX
135023-154245,TE,Seydou,Seydou Traore,Traore,0,1,4000,CIN@MIA,MIA,CIN,,,,,,TE/FLEX
135023-172715,WR,Omar,Omar Cooper Jr.,Cooper Jr.,3.5,1,4000,CLE@NYJ,NYJ,CLE,IR,Ankle,,,,WR/FLEX
135023-103083,WR,Theo,Theo Wease Jr.,Wease Jr.,7.633333206176758,3,4000,DEN@LAC,LAC,DEN,,,,,,WR/FLEX
135023-152232,WR,Jordan,Jordan Moore,Moore,,0,4000,CIN@MIA,CIN,MIA,,,,,,WR/FLEX
135023-88752,WR,Charlie,Charlie Jones,Jones,0,1,4000,NYG@WAS,NYG,WAS,,,,,,WR/FLEX
135023-87731,WR,Dominique,Dominique Robinson,Robinson,0,3,4000,HOU@TEN,HOU,TEN,,,,,,WR/FLEX
135023-110274,WR,Bub,Bub Means,Means,,0,4000,CLE@NYJ,CLE,NYJ,,,,,,WR/FLEX
135023-167622,RB,Jonah,Jonah Coleman,Coleman,6.650000095367432,2,4000,DEN@LAC,DEN,LAC,IR,Ankle,,,,RB/FLEX
135023-111300,RB,Jacardia,Jacardia Wright,Wright,2,1,4000,SF@SEA,SEA,SF,,,,,,RB/FLEX
135023-128717,WR,Corey,Corey Rucker,Rucker,,0,4000,LV@NE,LV,NE,IR,Undisclosed,,,,WR/FLEX
135023-152272,WR,De'Zhaun,De'Zhaun Stribling,Stribling,,0,4000,SF@SEA,SF,SEA,IR,Ankle,,,,WR/FLEX
135023-92882,TE,Connor,Connor Heyward,Heyward,0.30000001192092896,4,4000,LV@NE,LV,NE,,,,,,TE/FLEX
135023-156374,TE,Tre,Tre Watson,Watson,,0,4000,CIN@MIA,MIA,CIN,,,,,,TE/FLEX
135023-142042,RB,Trey,Trey Benson,Benson,7.224999904632568,4,4000,DET@ARI,ARI,DET,IR,Knee,,,,RB/FLEX
135023-29411,TE,Pharaoh,Pharaoh Brown,Brown,0.36666667461395264,3,4000,IND@PIT,IND,PIT,,,,,,TE/FLEX
135023-104165,RB,Lew,Lew Nichols,Nichols,0,2,4000,IND@PIT,PIT,IND,,,,,,RB/FLEX
135023-152295,RB,Gregory,Gregory Desrosiers,Desrosiers,,0,4000,DEN@LAC,LAC,DEN,,,,,,RB/FLEX
135023-86762,TE,Jack,Jack Westover,Westover,0.5999999841054281,3,4000,NYG@WAS,WAS,NYG,,,,,,TE/FLEX
135023-137966,WR,AJ,AJ Henning,Henning,,0,4000,CIN@MIA,MIA,CIN,,,,,,WR/FLEX
135023-252655,RB,Grant,Grant Finley,Finley,,0,4000,NYG@WAS,NYG,WAS,,,,,,RB/FLEX
135023-156400,RB,Roman,Roman Hemby,Hemby,,0,4000,LV@NE,LV,NE,,,,,,RB/FLEX
135023-90870,WR,Calvin,Calvin Austin III,Austin III,4.866666666666666,15,4000,NYG@WAS,NYG,WAS,IR,Knee,,,,WR/FLEX
135023-86780,RB,Salvon,Salvon Ahmed,Ahmed,,0,4000,CHI@GB,CHI,GB,,,,,,RB/FLEX
135023-57091,WR,Tim,Tim Patrick,Patrick,3.1571429116385326,14,4000,CLE@NYJ,NYJ,CLE,IR,Groin,,,,WR/FLEX
135023-169733,TE,Carsen,Carsen Ryan,Ryan,0,2,4000,CLE@NYJ,CLE,NYJ,,,,,,TE/FLEX
135023-152333,WR,Malik,Malik McClain,McClain,0,1,4000,CLE@NYJ,NYJ,CLE,,,,,,WR/FLEX
135023-70426,RB,Reggie,Reggie Gilliam,Gilliam,0.44999998807907104,2,4000,LV@NE,NE,LV,,,,,,RB/FLEX
135023-167714,TE,Kenny,Kenny Fletcher Jr.,Fletcher Jr.,,0,4000,IND@PIT,IND,PIT,,,,,,TE/FLEX
135023-119584,TE,Carson,Carson Towt,Towt,,0,4000,IND@PIT,IND,PIT,IR,Undisclosed,,,,TE/FLEX
135023-71459,RB,Brittain,Brittain Brown,Brown,4.849999904632568,2,4000,CHI@GB,CHI,GB,IR,Undisclosed,,,,RB/FLEX
135023-128805,WR,KeAndre,KeAndre Lambert-Smith,Lambert-Smith,1.5111111534966364,9,4000,DEN@LAC,LAC,DEN,IR,Hamstring,,,,WR/FLEX
135023-158511,RB,Max,Max Bredeson,Bredeson,0,1,4000,MIN@NO,MIN,NO,,,,,,RB/FLEX
135023-138028,RB,Kalel,Kalel Mullings,Mullings,0.23333332935969034,3,4000,HOU@TEN,TEN,HOU,,,,,,RB/FLEX
135023-103214,WR,Eli,Eli Pancol,Pancol,,0,4000,IND@PIT,IND,PIT,,,,,,WR/FLEX
135023-55088,WR,Malik,Malik Turner,Turner,0,2,4000,SF@SEA,SF,SEA,,,,,,WR/FLEX
135023-137017,TE,Drake,Drake Dabney,Dabney,0.800000011920929,1,4000,CHI@GB,GB,CHI,,,,,,TE/FLEX
135023-120642,WR,Savion,Savion Williams,Williams,1.7083333333333333,12,4000,CHI@GB,GB,CHI,IR,Ankle,,,,WR/FLEX
135023-185153,RB,Davon,Davon Booth,Booth,,0,4000,IND@PIT,IND,PIT,,,,,,RB/FLEX
135023-69451,TE,Jack,Jack Stoll,Stoll,1.7000000476837158,8,4000,SF@SEA,SF,SEA,,,,,,TE/FLEX
135023-58189,TE,Mitchell,Mitchell Fraboni,Fraboni,0,2,4000,DEN@LAC,DEN,LAC,,,,,,TE/FLEX
135023-139094,WR,Jalin,Jalin Hyatt,Hyatt,0.8571428571428571,7,4000,NYG@WAS,NYG,WAS,,,,,,WR/FLEX
135023-103252,RB,Bam,Bam Knight,Knight,1.2000000476837158,2,4000,DET@ARI,ARI,DET,,,,,,RB/FLEX
135023-86875,RB,Jordan,Jordan Mason,Mason,11.899999618530273,1,4000,MIN@NO,MIN,NO,IR,Thumb,,,,RB/FLEX
135023-201561,WR,Cole,Cole Burgess,Burgess,,0,4000,IND@PIT,PIT,IND,IR,Undisclosed,,,,WR/FLEX
135023-201564,TE,Cam,Cam Grandy,Grandy,0.8500000238418579,2,4000,MIN@NO,MIN,NO,,,,,,TE/FLEX
135023-66402,TE,Jack,Jack Driscoll,Driscoll,,0,4000,IND@PIT,PIT,IND,IR,Undisclosed,,,,TE/FLEX
135023-93026,TE,Teagan,Teagan Quitoriano,Quitoriano,0,1,4000,DET@ARI,ARI,DET,,,,,,TE/FLEX
135023-192358,TE,Shawn,Shawn Bowman,Bowman,,0,4000,DET@ARI,ARI,DET,,,,,,TE/FLEX
135023-89956,RB,Travis,Travis Etienne Jr.,Etienne Jr.,8.466666539510092,3,4000,MIN@NO,NO,MIN,IR,Hamstring,,,,RB/FLEX
135023-139114,RB,Jabari,Jabari Small,Small,,0,4000,DET@ARI,DET,ARI,,,,,,RB/FLEX
135023-166770,WR,Kendrick,Kendrick Law,Law,,0,4000,DET@ARI,DET,ARI,IR,Knee - acl,,,,WR/FLEX
135023-147315,WR,Jayden,Jayden Higgins,Higgins,6.489473844829359,19,4000,HOU@TEN,HOU,TEN,IR,Knee - acl,,,,WR/FLEX
135023-119672,RB,Kendall,Kendall Milton,Milton,0.20000000298023224,1,4000,CIN@MIA,CIN,MIA,,,,,,RB/FLEX
135023-23435,TE,Andrew,Andrew DePaola,DePaola,0,3,4000,MIN@NO,MIN,NO,,,,,,TE/FLEX
135023-128913,WR,Malachi,Malachi Corley,Corley,-0.5,4,4000,CLE@NYJ,CLE,NYJ,,,,,,WR/FLEX
135023-64403,WR,Irvin,Irvin Charles,Charles,,0,4000,SF@SEA,SEA,SF,IR,Undisclosed,,,,WR/FLEX
135023-92056,TE,Cal,Cal Adomitis,Adomitis,0,1,4000,MIN@NO,NO,MIN,,,,,,TE/FLEX
135023-176025,WR,Noah,Noah Thomas,Thomas,,0,4000,CIN@MIA,CIN,MIA,,,,,,WR/FLEX
135023-114591,TE,William,William Wagner,Wagner,0,2,4000,CIN@MIA,CIN,MIA,,,,,,TE/FLEX
135023-137122,RB,Tahj,Tahj Brooks,Brooks,0,2,4000,CIN@MIA,CIN,MIA,,,,,,RB/FLEX
135023-94116,TE,Will,Will Mallory,Mallory,2.0999999046325684,1,4000,IND@PIT,IND,PIT,IR,Thumb,,,,TE/FLEX
135023-119718,RB,Chip,Chip Trayanum,Trayanum,,0,4000,CLE@NYJ,NYJ,CLE,IR,Neck,,,,RB/FLEX
135023-138164,TE,Patrick,Patrick Gurd,Gurd,,0,4000,LV@NE,LV,NE,,,,,,TE/FLEX
135023-152522,RB,Phil,Phil Mafah,Mafah,9.899999618530273,1,4000,NYG@WAS,NYG,WAS,,,,,,RB/FLEX
135023-91098,WR,Lawrence,Lawrence Keys III,Keys III,,0,4000,DET@ARI,DET,ARI,,,,,,WR/FLEX
135023-93150,WR,Jake,Jake Bobo,Bobo,1.9000000272478377,7,4000,SF@SEA,SEA,SF,IR,Knee,,,,WR/FLEX
135023-104424,RB,Craig,Craig Reynolds,Reynolds,0.4000000059604645,1,4000,NYG@WAS,WAS,NYG,,,,,,RB/FLEX
135023-138220,WR,Montorie,Montorie Foster Jr.,Foster Jr.,0,2,4000,SF@SEA,SEA,SF,,,,,,WR/FLEX
135023-138221,WR,Ricky,Ricky White III,White III,,0,4000,SF@SEA,SEA,SF,,,,,,WR/FLEX
135023-155629,TE,Khalil,Khalil Dinkins,Dinkins,,0,4000,SF@SEA,SF,SEA,,,,,,TE/FLEX
135023-12529,D,Cleveland,Cleveland Browns,Browns,5.25,4,3900,CLE@NYJ,CLE,NYJ,,,,,,DEF
135023-12549,D,San Francisco,San Francisco 49ers,49ers,5,4,3800,SF@SEA,SF,SEA,,,,,,DEF
135023-12537,D,Las Vegas,Las Vegas Raiders,Raiders,9.5,4,3700,LV@NE,LV,NE,,,,,,DEF
135023-12533,D,Green Bay,Green Bay Packers,Packers,3,4,3600,CHI@GB,GB,CHI,,,,,,DEF
135023-12548,D,Los Angeles,Los Angeles Chargers,Chargers,5.75,4,3500,DEN@LAC,LAC,DEN,,,,,,DEF
135023-12542,D,New Orleans,New Orleans Saints,Saints,2,4,3400,MIN@NO,NO,MIN,,,,,,DEF
135023-12552,D,Washington,Washington Commanders,Commanders,4.25,4,3300,NYG@WAS,WAS,NYG,,,,,,DEF
135023-12535,D,Indianapolis,Indianapolis Colts,Colts,3.25,4,3200,IND@PIT,IND,PIT,,,,,,DEF
135023-12534,D,Tennessee,Tennessee Titans,Titans,4,4,3100,HOU@TEN,TEN,HOU,,,,,,DEF
135023-12539,D,Miami,Miami Dolphins,Dolphins,1.75,4,3000,CIN@MIA,MIA,CIN,,,,,,DEF
135023-12546,D,Arizona,Arizona Cardinals,Cardinals,4.75,4,3000,DET@ARI,ARI,DET,,,,,,DEF